date	ym	slug	title	comments
2020-02-23	2020/02	ielts-advice-i-only-improved-by-05	"I only improved by 0.5"	7
2020-01-12	2020/01	ielts-advice-tangible-daily-progress	tangible daily progress	5
2020-01-11	2020/01	ielts-advice-tangible-progress	tangible progress	1
2020-01-04	2020/01	ielts-advice-try-a-slightly-new-approach	try a (slightly) new approach	0
2019-12-15	2019/12	ielts-advice-you-can-study-alone-and-pass	you can study alone (and pass)	6
2019-12-14	2019/12	one-students-re-evaluation-story	One student's re-evaluation story	5
2019-12-08	2019/12	ielts-advice-examples-bring-your-answers-to-life	examples bring your answers to life!	5
2019-11-24	2019/11	ielts-advice-dont-use-these-phrases	don't use these phrases	3
2019-11-23	2019/11	ielts-advice-task-1-overview-purpose	task 1 overview / purpose	3
2019-10-06	2019/10	ielts-advice-method-or-language-part-2	method or language (part 2)	5
2019-10-05	2019/10	ielts-advice-method-or-language	method or language?	8
2019-09-29	2019/09	ielts-advice-avoid-proverbs-and-clichs	avoid proverbs and clichés	0
2019-09-22	2019/09	ielts-advice-dont-forget-the-english-part	don't forget the 'English' part!	10
2019-08-31	2019/08	ielts-speaking-advice-my-view-on-the-ppf-idea	Speaking Advice: my view on the 'PPF' idea	5
2019-08-25	2019/08	ielts-advice-improve-your-learning-environment	improve your learning environment	5
2019-08-18	2019/08	ielts-advice-your-learning-environment	your learning environment	18
2019-08-17	2019/08	ielts-advice-the-fastest-way-to-improve-your-english	the fastest way to improve your English	3
2019-08-11	2019/08	ielts-advice-small-gradual-improvements	small, gradual improvements	5
2019-08-04	2019/08	ielts-advice-plethora	'plethora'	8
2019-08-03	2019/08	ielts-writing-advice-dont-use-the-word-plethora	Writing Advice: don't use the word 'plethora'	12
2019-07-21	2019/07	ielts-advice-you-cant-prepare-everything	you can't prepare everything!	2
2019-06-30	2019/06	ielts-advice-stories-and-natural-linking	stories and 'natural' linking	5
2019-06-23	2019/06	ielts-advice-an-example-of-general-to-specific	an example of 'general to specific'	12
2019-06-22	2019/06	ielts-advice-general-to-specific	general to specific	5
2019-06-16	2019/06	maybe-you-understand-it-but-can-you-use-it	Maybe you understand it, but can you use it?	9
2019-06-15	2019/06	ielts-advice-the-method-isnt-working	"the method isn't working"	5
2019-05-25	2019/05	ielts-advice-phrases-for-any-essay	phrases for any essay?	3
2019-05-19	2019/05	ielts-advice-big-words-dont-impress	big words don't impress	18
2019-05-05	2019/05	ielts-advice-linking	linking	22
2019-04-28	2019/04	ielts-advice-vocabulary-is-the-key	vocabulary is the key!	8
2019-04-27	2019/04	ielts-advice-smiling-wont-help-your-score-but	smiling won't help your score, but...	5
2019-04-21	2019/04	ielts-advice-the-week-before-your-exam	the week before your exam	4
2019-04-20	2019/04	ielts-speaking-advice-tell-stories	Speaking Advice: tell stories	9
2019-04-13	2019/04	students-questions-too-many-grammar-mistakes	Students' Questions: too many grammar mistakes	5
2019-04-06	2019/04	ielts-advice-do-the-basics-well	do the basics well	12
2019-03-30	2019/03	ielts-advice-methods-and-principles	methods and principles	10
2019-03-24	2019/03	ielts-advice-understanding-vs-using	understanding vs using	9
2019-03-16	2019/03	students-questions-using-words-from-your-own-language	Students' Questions: using words from your own language	5
2019-03-10	2019/03	students-questions-how-can-i-improve	Students' Questions: how can I improve?	13
2019-02-24	2019/02	ielts-advice-easy-can-be-difficult	'easy' can be difficult	4
2019-02-16	2019/02	ielts-advice-dont-ask-the-examiner-questions	don't ask the examiner questions	8
2019-02-10	2019/02	ielts-advice-basic-study-plan	basic study plan	12
2019-01-20	2019/01	ielts-advice-learn-by-copying	learn by copying	13
2019-01-19	2019/01	ielts-advice-just-outside-your-comfort-zone	just outside your comfort zone	7
2019-01-06	2019/01	ielts-advice-how-i-can-help-you	how I can help you	13
2019-01-05	2019/01	ielts-advice-advice-for-the-new-year	advice for the new year	8
2018-12-23	2018/12	ielts-advice-concise-and-succinct	concise and succinct	5
2018-12-22	2018/12	ielts-advice-give-direct-answers	give direct answers	5
2018-12-16	2018/12	ielts-advice-just-find-a-good-english-teacher	just find a good English teacher	7
2018-12-15	2018/12	ielts-advice-if-you-have-a-teacher	if you have a teacher	17
2018-12-09	2018/12	ielts-advice-deviating-from-the-topic-writing	deviating from the topic (writing)	3
2018-11-11	2018/11	ielts-advice-deep-answers	'deep' answers	12
2018-11-10	2018/11	ielts-advice-dont-forget-the-easy-words	don't forget the easy words!	8
2018-10-28	2018/10	ielts-advice-the-structures-we-use	the 'structures' we use	19
2018-10-27	2018/10	ielts-advice-the-confidence-to-be-simple	the confidence to be 'simple'	2
2018-10-14	2018/10	ielts-advice-are-you-going-too-quickly	are you going too quickly?	8
2018-10-13	2018/10	ielts-advice-start-slowly	start slowly	4
2018-10-07	2018/10	ielts-advice-the-vocabulary-mindset	the 'vocabulary mindset'	27
2018-10-06	2018/10	ielts-advice-daily-facebook-tips	daily Facebook tips	3
2018-09-29	2018/09	students-questions-in-this-essay-this-essay-will	Students' questions: In this essay / This essay will...	12
2018-09-22	2018/09	ielts-advice-the-performance-gap	the performance gap	15
2018-09-16	2018/09	ielts-advice-the-first-rule-of-brainstorming	the first rule of 'brainstorming'	14
